student_id,course
1,EC402
2,EC403
3,EC403
4,FI201
4,LA321
4,LA325
4,MG501
4,MK601
4,EC408
5,MK605
6,IT701
7,AC103
7,LA301
7,EC402
8,AC104
8,FI201
8,MG501
8,QA812
8,EC408
9,PO000
9,SP535
9,SP608
10,MB009
10,MB010
11,AC111
11,AC115
11,IT701
11,EC403
12,QA811
12,SP535
12,EC408
13,AC110
13,SP232
13,EC421
13,EC510
14,MG900
14,MK605
15,AC103
15,QA811
15,EC402
16,LA301
16,EC403
17,EC408
18,AC111
18,AC115
18,LA325
18,MG503
19,EC403
20,QA811
21,MG962
22,AC104
22,FI201
22,MG535
22,MG565
23,FI234
23,FI253
23,PO000
24,EC411
25,MK611
25,PO000
25,SP596
25,CO810
26,EC403
27,AC104
27,MK601
27,QA812
27,EC408
28,LA301
28,EC403
29,MG501
30,FI201
30,IT743
30,MG503
30,MK601
30,EC408
31,EC421
32,MB114
32,MB344
33,EC402
34,FI241
34,MG565
34,MG602
35,EC437
36,FI245
36,MB202
36,MB344
36,MB400
37,IT701
37,EC402
38,AC104
38,FI201
38,MK601
38,QA812
39,AC111
39,MG501
39,MK601
39,QA811
39,EC408
40,IN914
40,MB400
40,MG900
41,AC104
41,QA812
41,EC403
42,EC403
43,AC104
43,MK601
43,QA812
44,AC104
44,FI201
44,MG501
44,MK601
44,QA812
45,EC402
46,IT701
46,EC403
47,FI245
47,MB319
48,EC402
49,MB113
49,MB114
50,AC104
50,FI201
50,MG501
50,QA812
50,EC408
51,AC111
51,AC115
51,MG503
51,CO810
52,EC403
53,AC103
53,QA811
54,MG503
54,SP330
54,EC420
55,AC104
55,LA301
55,MG501
55,MK601
56,LA321
57,LA321
57,LA325
58,LA301
58,QA811
58,EC403
59,LA301
59,EC402
60,EC403
61,AC128
61,AC134
62,MG524
63,MG503
63,MK631
63,MK695
63,CO810
64,LA325
64,MG641
64,MG535
64,MG565
64,PO000
65,AC100
66,EC437
66,EC510
67,LA301
67,EC402
68,IT701
69,AC104
69,QA812
69,EC403
70,FI003
70,EC402
71,AC104
71,IT701
71,EC403
72,LA325
72,MG535
72,PO000
72,SP608
72,CO810
73,FI211
73,FI227
73,IT740
73,MG501
73,MK601
73,CO810
74,MB009
74,MB010
74,MB011
74,MB013
74,MB112
74,MB202
74,MG342
75,IT701
76,QA811
76,EC403
77,AC114
77,AC121
77,AC134
78,EC437
79,FI201
79,QA812
79,SP330
79,SP535
79,SP607
80,AC104
80,FI201
80,MK601
80,QA812
81,AC114
81,AC121
82,MB201
82,MB202
82,MB319
83,AC100
84,LA301
84,EC403
85,MB202
85,MG320
86,MB009
86,MB112
86,MB113
86,MG544
87,AC123
87,AC127
87,AC128
87,AC105
87,LA313
88,IT701
89,MG501
90,AC104
90,FI201
90,MG501
90,QA812
91,EC403
92,MK625
92,MK694
92,PO000
92,EC510
93,EC403
94,IT701
95,MG503
95,QA812
96,MB009
96,MB010
96,MB011
96,MB013
96,MB112
96,MB113
97,MB009
97,MB202
97,MG544
98,EC402
99,QA811
99,EC402
100,FI201
100,QA812
101,FI201
101,MG503
101,MG535
101,MK607
101,QA812
102,MB114
102,TX003
103,AC104
103,MG501
103,MG594
103,MK601
104,MB400
105,AC103
105,IT701
105,EC402
106,LA330
106,MK611
106,SP232
106,SP535
106,SP607
107,LA301
107,EC403
108,MB009
108,MB010
108,MB011
108,MB013
108,MB202
108,MB319
108,MB342
109,LA325
109,PO000
110,AC102
110,AC113
110,IT744
111,LA301
111,EC403
112,IT727
113,FI201
113,MG501
113,QA811
113,EC408
114,MB201
114,MB319
115,FI220
115,MB201
115,MB310
116,EC403
117,FI220
117,MB201
118,MG535
118,EC408
118,CO810
119,AC104
119,IT727
119,QA812
119,EC403
120,AC111
120,AC133
121,MB112
121,MB201
122,AC102
123,AC105
124,AC100
125,MK601
126,AC102
126,AC113
126,PO000
127,LA301
128,MK601
129,EC403
130,EC402
131,IT701
131,EC403
132,MB344
132,MG544
132,MG342
133,AC103
133,LA301
134,QA811
134,EC403
135,EC402
136,EC411
137,AC110
137,AC115
137,MG503
138,AC103
138,LA321
138,LA325
138,EC411
139,FI003
140,EC402
141,IT701
142,AC103
142,LA301
142,QA811
142,EC402
143,PO000
143,EC510
143,EC420
144,AC103
144,QA811
144,EC403
145,EC403
146,EC402
147,LA321
147,PO000
148,EC402
149,LA301
149,EC403
150,AC103
150,LA301
150,EC403
151,LA301
152,IN914
153,EC411
154,AC114
154,AC123
154,FI231
154,MB400
155,AC121
155,AC128
156,QA811
156,EC402
157,MB400
158,MB114
159,EC402
160,EC403
161,EC420
162,LA301
163,EC421
164,FI227
164,FI253
164,PO000
165,MG503
165,MK631
166,EC402
167,AC104
167,IT727
167,QA812
167,EC403
168,EC421
168,EC510
169,LA301
170,QA811
171,AC104
171,QA812
171,EC403
172,MG544
172,MG320
173,EC402
174,AC114
174,AC121
174,AC105
175,MB009
175,MB112
175,MB113
176,AC104
176,FI201
176,LA321
176,MG501
176,MK601
177,AC123
177,AC128
178,AC104
178,MG501
178,QA812
179,AC104
179,FI201
179,MK601
180,AC123
180,AC134
181,MB009
181,MB010
182,LA301
182,EC402
183,FI201
183,MG641
183,MG565
183,MK601
183,CO810
184,MB009
184,MB112
184,MB113
184,MG544
185,MG596
185,MG342
186,FI201
186,MG503
186,MG565
186,MK625
186,QA812
187,IT701
187,EC403
188,EC403
189,AC104
189,FI201
189,MK611
189,MK615
190,EC403
191,EC402
192,IT701
192,LA301
193,LA330
194,EC402
195,IT727
195,MG503
195,QA812
196,EC402
197,EC402
198,MB202
199,AC111
199,AC115
199,LA321
199,MG501
199,CO810
200,IT701
200,EC402
201,AC110
201,AC115
201,MG503
201,CO810
202,IT740
202,IT743
202,IT744
202,MG503
203,AC110
203,AC115
203,MG503
204,IT726
204,MK605
204,SP550
205,MB112
206,MB114
206,MB344
206,MG342
207,PO000
208,AC114
208,AC121
208,AC128
208,AC105
208,TX003
209,EC402
210,IT701
211,IT727
211,PO000
211,SP232
211,SP595
211,SP608
212,MG503
212,MK601
212,EC408
213,MB009
213,MB112
213,MB113
214,MB400
214,MK540
215,MB113
215,MB344
216,EC402
217,EC403
218,AC114
218,AC134
219,QA811
220,PO000
220,SP232
221,FI219
221,MG342
222,EC402
223,MB201
223,MB202
224,MB009
224,MB011
224,MB013
224,MB112
224,MB113
224,MB114
225,AC104
225,FI201
225,MG501
225,EC408
226,FI227
226,FI233
226,MG503
227,AC103
227,IT701
228,MK625
228,MK631
228,PO000
228,SP595
229,AC111
229,AC115
229,MG503
229,EC408
229,CO810
230,AC104
230,FI201
230,MG501
230,MK601
230,QA812
230,SP594
231,MB114
231,MB344
231,MG544
231,MG962
231,MG342
231,MK540
232,LA301
232,QA811
232,EC403
233,MB020
233,MB113
234,LA397
234,MB019
234,MB020
234,MB111
234,MB201
234,MB202
235,MB111
235,MB342
236,EC403
237,MG900
238,EC403
239,IN920
239,MB113
239,MB114
240,FI201
240,MG501
240,MK607
240,MK631
240,MK634
240,QA812
240,SP594
241,AC104
241,FI201
241,MG501
241,EC408
242,FI220
242,MB400
243,MB201
243,MB202
243,MG342
243,SP550
244,FI201
244,MG503
244,MK601
245,EC403
246,MB009
246,MB010
246,MB112
246,MB201
247,FI211
247,LA330
247,MG503
247,MK607
247,SP232
248,AC114
249,EC402
250,MG503
250,QA812
250,SP535
250,SP607
251,EC402
252,MG962
253,MB113
253,MB114
254,AC111
254,AC115
254,AC191
254,MG503
254,EC408
254,CO810
255,EC403
256,EC403
257,AC102
257,AC113
257,FI253
257,PO000
258,AC114
258,AC123
259,MG900
260,FI211
260,FI227
260,FI244
260,MG503
260,CO810
261,MB400
261,MG544
261,MG962
262,MG962
262,MK540
263,IT726
263,MB010
263,QA845
264,MB202
265,MB113
265,MB344
266,MB202
267,QA811
268,MG503
268,MG565
268,CO810
269,EC402
270,IN924
270,LA321
270,LA325
270,MG560
270,PO000
271,IT701
271,LA301
271,EC402
272,MG641
272,SP535
272,SP608
273,EC402
274,MK617
274,MK631
274,MK639
274,PO000
275,MB114
276,FI211
276,FI227
276,FI233
276,FI241
276,PO000
277,EC402
278,EC402
279,IT701
280,MB114
280,MB202
281,AC114
281,AC123
281,AC128
282,MB400
283,LA301
284,MG503
284,MK601
285,FI201
285,MK601
285,QA812
286,AC114
286,AC123
287,IT701
287,EC402
288,AC104
288,FI201
288,MG501
288,MK601
288,QA812
289,AC104
289,LA301
289,QA812
289,EC403
290,EC403
291,AC111
291,AC115
291,LA321
291,PO000
292,FI233
292,FI241
292,MK611
293,FI233
294,AC123
294,TX003
295,EC403
296,EC411
297,IT701
297,EC403
298,LA301
299,EC403
300,MK601
301,MK611
301,MK625
301,MK627
301,MK639
302,EC402
303,MG544
303,MG342
304,AC121
304,AC127
304,AC128
304,AC105
305,MK699
305,PO000
306,AC102
306,AC113
307,LA301
308,AC111
308,AC115
308,MG501
308,MK601
309,EC411
310,EC411
311,TX003
312,EC403
313,FI211
313,IT639
313,LA321
313,MG503
314,SP535
314,SP595
315,AC121
315,AC134
316,EC402
317,MG565
317,PO000
318,FI201
318,MG501
318,MK601
318,QA812
319,AC102
319,AC113
319,IT741
320,FI253
320,PO000
321,AC114
322,EC402
323,AC104
323,QA812
323,EC403
324,AC114
324,AC123
324,FI231
324,MB400
325,MB113
325,MB114
325,MK540
325,SP550
326,AC123
327,AC104
327,FI201
327,MG501
327,QA812
327,EC408
328,MB010
328,MB013
328,MB112
328,MB113
329,LA321
329,PO000
329,SP595
329,SP608
330,AC103
330,LA301
330,QA811
330,EC402
331,EC411
332,EC402
333,EC402
334,AC104
334,MG503
334,MK601
334,QA811
335,AC111
335,AC115
335,MG503
335,MK601
335,CO810
336,FI201
336,MG503
336,MK631
336,MK639
336,CO810
337,AC123
337,AC127
338,FI227
338,FI244
338,FI253
338,MK634
338,MK694
339,EC403
340,AC104
340,FI201
340,MG503
340,EC408
341,AC114
341,AC123
342,AC101
342,MB010
343,AC100
344,MB201
344,MB202
345,MB114
345,MB340
346,EC403
347,EC402
348,IT701
349,IT701
349,LA301
349,EC402
350,EC411
351,AC121
351,AC128
352,IT794
352,MB400
352,QA845
353,AC128
354,AC114
354,AC121
354,AC134
355,EC403
356,AC114
356,AC123
356,AC128
357,AC128
357,AC135
358,EC402
359,IT701
359,EC403
360,MB114
360,MG544
360,MK540
361,MG544
362,AC103
362,EC402
363,IT701
364,AC115
364,AC123
364,AC127
364,AC128
364,PO000
365,AC104
365,FI201
365,QA812
366,AC104
366,QA812
366,SP330
366,SP535
366,EC408
367,AC111
367,AC115
367,MG503
367,MK601
368,FI244
368,FI253
368,PO000
368,SP232
369,IT701
369,LA301
370,MG560
370,MK615
370,MK625
370,MK634
370,MK639
370,PO000
371,IT701
371,EC402
372,AC104
372,FI227
372,MG501
372,SP232
372,EC420
373,AC110
373,FI201
373,MG501
373,MK601
373,EC408
373,CO810
374,AC104
374,FI201
374,IT701
374,MG501
375,EC420
375,EC220
376,EC403
377,MB011
377,MB013
377,MB113
377,MB344
378,EC403
379,AC104
379,IT727
379,QA811
379,EC403
380,MG503
380,MK611
380,MK631
381,MB018
382,FI241
382,FI244
382,PO000
382,EC437
383,EC420
383,EC421
384,PO000
384,QA812
385,IT701
385,EC403
386,LA301
387,AC104
387,EC408
388,AC114
388,MB009
388,MB112
388,MB113
389,AC110
389,AC115
389,MK601
389,QA811
389,EC408
390,MG503
390,MK615
390,MK631
390,MK639
390,EC408
391,AC103
391,LA301
391,EC403
392,FI233
392,PO000
392,EC498
393,QA811
393,EC402
394,AC104
394,LA301
394,EC402
395,AC121
395,AC128
396,MB009
396,MB112
396,MB201
397,FI201
397,MG503
397,MK601
397,CO810
398,AC103
398,QA811
398,EC402
399,EC421
400,MB009
400,MB010
400,MB112
400,MB319
401,AC104
401,FI201
401,MG501
401,QA812
402,EC403
403,EC402
404,FI211
404,MG503
404,EC421
404,EC510
405,AC103
405,FI201
405,EC420
405,EC510
406,MB011
406,MB113
407,LA301
408,AC104
408,MG501
408,MK601
408,QA812
409,MB111
410,AC123
410,AC197
411,IT701
412,MK611
412,MK625
412,MK639
413,QA811
413,EC403
414,AC104
414,LA301
414,QA811
414,EC403
415,FI201
415,QA812
415,EC421
416,MB114
417,AC111
417,AC115
417,MG503
418,EC402
419,AC114
419,AC123
420,EC403
421,LA301
422,FI219
423,FI201
423,MK615
423,MK617
423,CO810
424,LA301
425,FI236
425,FI245
426,MB114
427,QA811
427,EC402
428,MB201
428,MB202
428,MB342
429,AC121
429,AC123
430,LA301
430,QA812
430,EC411
431,FI233
431,PO000
431,EC408
431,EC421
432,MB114
432,MB342
433,AC103
433,IT727
433,QA811
433,EC408
434,PO000
434,SP608
435,MG501
435,MK601
435,EC408
435,EC495
436,EC402
437,EC403
438,AC123
438,AC127
438,AC128
438,AC105
438,IT741
438,IT744
439,MG641
439,MG560
439,MG565
439,PO000
440,IT701
441,EC402
442,MG641
442,MG560
442,MG602
442,PO000
443,EC403
444,MK601
445,FI244
445,MK625
445,MK627
445,PO000
446,AC104
446,LA301
447,SP220
447,SP550
448,LA301
448,EC402
449,AC128
450,MG503
450,SP232
450,SP330
450,SP535
450,SP607
451,FI297
452,EC402
453,MK601
454,EC402
455,FI201
455,MG503
455,QA812
455,EC420
455,EC510
455,CO810
456,AC104
456,LA330
456,MK601
456,QA811
457,MB111
457,MB112
457,MB201
458,EC411
459,FI201
459,LA321
459,MG503
459,MK601
459,QA812
459,CO810
460,FI201
460,LA321
461,MK625
461,MK627
461,PO000
461,CO810
462,AC114
462,AC121
462,AC134
463,AC104
463,LA301
463,QA811
464,EC402
465,MK627
465,MK634
465,PO000
465,SP232
466,IT701
466,LA301
466,EC403
467,IN524
468,AC128
469,AC103
469,IT701
469,EC402
470,FI201
470,MG535
470,MG565
470,CO810
471,EC402
472,IT727
472,MG501
472,QA812
472,CO810
473,FI201
473,MG503
473,MK617
473,QA812
474,MB113
475,AC103
475,QA812
475,EC408
476,MG503
476,EC408
477,AC104
477,MG501
477,MK601
477,QA811
477,EC408
478,AC111
478,AC115
478,FI211
478,FI227
478,MG503
478,EC420
479,EC402
480,AC114
480,MB009
480,MB010
480,MB019
480,MB020
480,MB111
480,MB112
481,EC420
481,EC437
482,FI201
482,MK634
482,CO810
483,AC104
483,LA301
483,QA812
483,EC403
484,FI211
484,FI227
484,IT744
484,LA325
484,SP232
485,MB400
485,MG342
486,FI211
486,FI227
486,MG503
486,EC408
487,MB400
487,MK605
488,AC123
488,AC127
488,AC134
489,EC402
490,AC114
490,AC121
490,AC134
491,FI211
491,FI227
491,LA325
491,MG503
491,MG565
492,AC114
492,AC121
492,AC123
493,MK617
494,EC403
495,MB114
495,TX003
496,AC110
496,AC115
496,LA325
496,MG503
496,MK601
496,CO810
497,AC103
497,LA301
497,QA811
497,EC403
498,AC114
498,AC123
498,AC107
499,FI211
499,FI227
499,MG501
500,EC402
501,EC411
502,AC114
502,AC121
502,AC134
503,FI201
503,LA321
503,LA325
503,MK601
504,AC104
504,FI201
504,MG501
504,QA812
504,EC408
505,FI227
506,FI219
506,FI236
506,QA845
507,AC110
507,AC115
507,MG503
507,CO810
508,EC402
509,AC103
509,IT701
509,EC402
510,MG503
510,CO810
511,QA811
512,AC127
512,AC128
512,AC105
513,EC402
514,IT701
514,EC402
515,EC403
516,FI201
516,MG503
516,MK631
516,MK639
516,QA812
517,FI236
517,MB400
518,FI219
518,FI231
518,FI236
519,AC111
520,MK601
521,EC403
522,AC103
522,EC403
523,MB202
523,MB344
524,MB011
524,MB019
524,MB111
524,MB342
524,MG544
525,MB010
525,MB112
525,MB201
526,MB113
527,AC100
528,AC199
528,LA399
528,EC411
528,EC421
528,EC510
528,EC498
529,EC402
530,FI201
530,MG501
530,MK601
530,CO810
531,MG641
531,MG565
531,MG597
531,MG598
531,MK611
531,PO000
532,AC104
532,MG501
532,QA811
533,AC110
533,AC115
533,FI201
533,IT727
533,MG503
534,MB010
534,MB112
534,MB201
535,AC100
536,MB400
536,SP220
536,SP540
536,SP550
537,AC103
537,MG501
537,MK601
537,QA812
538,FI231
538,FI236
538,FI245
538,MB400
539,MB018
539,MB019
539,MB020
539,MB111
540,AC114
540,AC123
541,AC104
542,AC104
542,MG501
542,MK611
542,QA812
543,LA301
543,EC402
544,MK639
544,PO000
544,SP595
545,AC104
545,FI201
545,MK601
545,QA812
546,EC402
547,AC114
547,AC121
547,AC134
548,MB201
548,MB202
548,MB319
549,LA301
550,MG565
550,PO000
551,AC104
551,IT701
551,EC403
552,MG501
552,MK601
552,QA811
553,MB113
554,EC403
555,IT727
555,EC402
556,IT701
556,EC403
557,MG503
557,QA811
557,EC408
557,CO810
558,AC110
558,AC115
558,FI211
558,FI227
558,MG501
559,MB400
559,MK699
560,IT701
561,EC402
562,IT701
563,MG503
563,MG535
563,MK611
563,SP232
563,SP330
564,FI211
564,FI227
564,FI233
564,FI300
564,MG503
565,FI211
565,LA325
565,MG503
565,QA812
566,MG503
566,MK615
566,MK625
566,MK631
566,CO810
567,AC104
567,IT727
567,IT639
567,MG503
567,EC408
568,AC121
568,AC128
569,AC114
570,MK698
571,FI201
571,LA330
571,MG503
571,MK607
571,SP535
571,CO810
572,AC121
572,AC128
573,FI227
573,FI234
573,FI244
573,PO000
574,AC111
574,AC115
574,IT744
574,LA325
574,MG503
575,MB114
575,MB342
575,MB344
576,AC110
576,AC115
576,MK601
576,QA812
576,EC408
576,CO810
577,MG503
577,MG641
577,MG560
577,MG565
578,IT701
579,FI233
579,MK615
579,MK617
579,MK639
580,LA301
580,EC402
581,MB113
582,AC104
582,LA301
582,QA811
582,EC403
583,MB018
583,MB020
583,MB201
584,IN914
584,SP220
585,IN914
585,MB342
585,MB400
585,MG544
585,MG962
585,MK696
586,AC104
586,LA301
586,QA811
586,EC403
587,MB112
587,MB113
587,SP540
588,FI003
589,MB400
590,FI234
590,FI241
590,FI244
590,FI253
590,PO000
591,EC408
591,EC420
592,MB202
593,EC402
594,MB114
594,MG900
595,LA301
595,EC403
596,AC104
596,IT701
596,LA301
596,EC403
597,MB114
598,AC110
598,AC115
598,LA301
598,MG501
598,EC408
599,MB114
600,EC411
601,FI234
601,FI253
601,IT727
601,LA325
601,CO810
602,AC105
602,FI231
602,FI245
603,IT701
604,FI227
604,MG503
604,MK601
605,AC103
605,MK601
606,FI003
607,FI211
607,IT740
607,IT741
607,IT744
607,MG503
608,AC119
608,AC102
608,AC113
608,PO000
609,IT701
610,IT727
610,EC402
611,AC104
611,MK601
611,EC408
612,EC402
613,EC437
614,EC411
615,EC420
616,LA301
617,LA321
617,LA325
618,LA325
618,LA330
618,QA811
619,IT701
619,LA301
619,EC402
620,EC402
621,MB400
621,MK540
622,AC103
622,MG501
622,MK601
622,QA811
623,AC104
623,FI201
623,QA812
623,EC408
624,AC104
624,FI201
624,MG501
624,MK601
625,EC403
626,EC402
627,AC104
627,AC110
627,FI201
627,MG501
627,MK601
627,EC408
628,AC100
629,LA301
630,AC104
630,IT701
630,MG503
630,EC408
631,FI201
631,MK601
631,EC420
631,EC510
632,AC111
632,AC115
632,MG503
632,EC408
632,CO810
633,AC102
633,AC113
633,AC105
634,FI211
634,FI227
634,FI241
634,FI300
634,MG503
634,CO810
635,EC402
636,EC402
637,FI211
637,FI227
637,FI233
637,MG503
637,MK601
637,EC408
638,EC402
639,EC402
640,AC102
640,AC113
640,IT741
641,FI201
641,IT744
641,MG503
641,MG565
642,FI236
642,MB400
643,MB319
644,FI220
644,MB400
645,EC403
646,FI211
646,FI227
646,MK615
646,MK617
646,CO810
647,AC103
647,LA301
647,EC403
648,EC403
649,FI201
649,MG641
649,MG565
649,QA812
649,CO810
650,AC110
650,AC115
650,FI003
650,CO810
651,MB113
651,MB114
651,SP540
652,MG503
652,MK601
652,EC408
653,MK615
653,MK617
653,MK631
653,MK639
654,EC402
655,AC133
655,AC123
655,AC127
655,AC128
656,IT701
657,EC420
657,EC437
658,MB202
659,AC104
659,FI201
659,MG503
659,EC408
660,AC103
660,EC403
661,EC402
662,IT701
662,EC403
663,FI003
663,LA301
663,EC402
664,EC403
665,AC119
665,AC102
665,AC113
665,IT743
665,IT744
666,MB112
666,MB113
666,MB201
667,IT701
667,LA301
668,AC103
668,LA301
668,QA811
668,EC403
669,EC402
670,FI219
670,FI231
670,FI245
671,MK627
671,PO000
671,EC420
671,EC510
672,AC102
672,AC113
672,AC133
673,FI201
673,MG503
673,MK615
673,EC408
674,LA301
674,QA811
674,EC403
675,AC134
675,IT726
676,FI211
676,MG503
676,MK601
676,CO810
677,AC110
677,AC115
677,MG501
677,MK601
678,EC402
679,MG503
679,SP232
679,SP535
679,SP608
679,CO810
680,MB344
680,MG900
681,MG503
681,MK611
681,SP535
681,SP607
682,IT701
682,EC402
683,MB018
683,MB019
683,MB020
683,MB111
683,MB112
684,AC104
684,MK601
684,QA811
685,AC103
685,LA301
685,QA812
685,EC403
686,AC114
686,AC121
686,AC123
686,AC128
687,AC111
687,AC115
687,CO810
688,AC104
688,FI201
688,MG501
689,AC114
689,AC105
690,AC103
690,LA301
690,EC402
691,EC402
692,FI236
692,MB114
693,EC402
694,AC123
694,AC128
695,AC114
695,MB009
695,MB010
695,MB111
695,MB112
696,FI201
696,MK611
697,MB114
697,MG342
698,AC104
698,FI201
698,LA301
698,MK601
699,IT701
700,MG503
700,MG535
700,MK617
700,SP595
700,SP608
701,AC104
701,QA811
701,EC403
702,FI201
702,QA812
702,SP330
702,SP607
703,EC402
704,AC103
704,LA301
704,QA811
705,AC100
706,AC103
706,QA811
706,EC402
707,AC104
707,FI201
707,MG501
707,EC408
708,MG503
708,MG535
708,EC402
708,EC408
708,CO810
709,EC402
710,EC403
711,EC403
712,EC403
713,IT701
714,MK627
714,PO000
714,SP330
714,SP535
715,MB114
715,MG320
716,EC411
717,MK625
717,MK627
718,AC104
718,MG501
718,MK601
719,MB114
719,MG320
720,FI211
720,FI227
720,MG503
720,EC420
721,MB111
722,IT701
722,EC403
723,EC403
724,AC128
725,FI219
725,FI236
725,MG962
726,FI220
726,FI231
726,MB400
727,AC102
727,AC113
728,LA301
729,EC402
730,AC103
730,EC403
731,EC403
732,EC403
733,FI227
733,FI233
733,FI241
733,FI253
733,PO000
734,IT701
734,EC402
735,FI227
735,FI233
736,EC403
737,AC104
737,MG501
737,QA812
738,IT701
739,EC403
740,MB018
740,MB019
740,MB020
740,MB201
741,EC403
742,IT701
742,EC403
743,IT701
743,LA301
744,FI244
744,FI253
744,PO000
744,SP232
745,LA321
746,LA301
746,EC403
747,AC119
747,AC102
747,AC113
748,AC110
748,AC115
748,FI241
748,MG503
749,FI201
749,MG501
749,MK601
749,EC408
749,EC420
750,AC104
750,FI201
750,IT727
750,QA812
750,EC408
751,AC111
751,AC115
751,MG503
752,FI201
752,LA301
752,MK601
752,QA812
753,QA811
753,SP330
753,EC408
754,AC104
754,FI201
754,IT727
754,MK601
755,AC104
755,FI201
755,MG501
755,QA812
755,EC408
756,IT701
757,AC104
757,MK601
757,QA811
758,PO000
759,EC421
759,EC510
759,EC420
760,AC114
760,AC121
760,TX003
761,EC402
762,FI201
762,LA325
762,MG503
763,IT701
763,EC402
764,FI220
765,EC403
766,AC111
766,AC115
766,FI227
766,LA321
766,PO000
767,AC104
767,MK625
767,MK639
767,SP535
767,SP608
768,EC402
769,AC119
769,AC102
769,AC113
769,LA321
770,AC103
770,QA811
770,EC403
771,AC104
771,FI201
771,MK601
771,QA812
772,LA301
773,EC402
774,AC100
775,QA811
775,EC402
776,AC104
776,LA301
776,MG501
777,IT727
777,EC402
778,MB019
778,MB020
778,MB111
778,MB202
779,EC402
780,AC104
780,FI201
780,MG501
780,MK601
780,EC510
781,FI201
781,MG501
781,MK601
782,FI219
782,IT127
782,IT725
782,IT726
783,MG641
783,MG560
783,MG565
783,MK625
783,PO000
784,EC408
785,AC114
785,AC123
785,FI231
786,FI201
786,MK611
786,MK607
787,MB400
788,AC114
788,AC123
788,MB400
789,FI245
790,MB113
790,MB201
791,FI211
791,FI227
791,FI233
791,IT743
791,PO000
792,MG641
792,MG560
792,MG594
792,PO000
793,EC411
794,SP550
795,AC104
795,MG501
795,MK601
795,QA811
796,MB011
796,MB013
796,MB113
796,MB114
796,SP540
797,AC104
797,FI201
797,MK601
797,QA812
797,EC408
798,MK611
798,MK631
798,SP330
798,SP607
799,AC103
799,FI003
799,QA811
800,EC402
801,AC104
801,LA301
801,QA811
801,EC408
802,IT701
803,AC104
803,FI201
803,QA812
803,EC408
804,FI201
804,IT701
804,LA301
804,MG501
804,MK601
805,FI211
805,IT740
805,MG503
806,FI211
806,FI227
806,MG503
806,QA812
806,EC420
807,IT701
808,LA301
808,EC403
809,LA301
809,EC403
810,AC123
810,TX003
811,AC102
811,AC113
811,LA321
812,EC403
813,EC408
814,MB112
815,EC402
816,EC402
817,LA301
817,EC411
818,MG503
819,FI201
819,LA330
819,MK601
819,SP535
820,IT701
821,IT701
821,EC402
822,EC421
823,MB113
824,AC103
824,LA301
824,MG501
824,MK601
824,QA812
825,IT701
826,IT701
827,FI300
827,IT701
827,EC402
828,AC128
828,AC135
829,FI241
829,PO000
829,QA812
830,MB020
830,MB111
830,MB201
830,MB202
831,LA301
832,TX999
833,EC403
833,EC408
834,LA301
834,EC402
835,MB400
835,MK605
835,MK697
836,FI201
836,MG503
836,MK601
836,QA812
836,EC408
837,EC403
838,AC104
838,QA812
838,EC408
839,EC402
840,MB009
840,MB010
840,MB011
840,MB013
840,MB018
840,MB019
840,MB020
840,MB111
841,EC402
842,AC110
842,AC115
842,FI201
842,IT740
842,IT743
843,IT701
843,LA301
844,EC411
845,AC103
845,EC402
846,FI211
846,FI227
846,IT727
846,IT740
846,MG503
846,CO810
847,MB011
847,MB013
847,MB113
847,MB114
847,MB344
848,AC110
848,QA812
849,LA325
850,MB019
850,MB111
850,MB113
850,MG544
851,AC104
851,FI201
851,MG501
851,QA812
852,FI201
852,MG503
852,MK611
852,MK639
853,EC403
854,PO000
854,SP232
854,EC420
855,AC104
855,QA811
855,EC408
856,EC402
857,AC102
857,AC113
857,FI201
857,MG503
857,CO810
858,AC114
858,AC123
858,AC128
859,AC103
859,QA811
859,EC403
860,AC111
860,AC115
861,AC104
861,QA812
861,EC403
862,MB114
862,MB312
862,MG544
863,FI253
863,PO000
864,EC403
865,EC402
866,QA812
866,EC420
866,EC421
866,EC498
867,EC403
868,LA321
868,EC403
869,AC121
869,AC128
870,MB201
871,MG503
871,MK607
871,MK694
871,EC408
871,CO810
872,IT727
872,MG503
872,EC402
873,EC402
874,MB201
874,MB202
875,EC402
876,EC402
877,FI231
877,FI297
877,MB400
878,LA301
878,MG501
878,MK601
879,AC114
879,MK605
880,EC402
881,LA301
882,EC411
883,IT701
884,FI211
884,FI227
884,IT740
884,IT639
885,IT701
885,EC402
886,MB011
886,MB113
886,MG962
887,SP535
888,MB202
889,IT701
890,IT701
891,IT701
892,AC104
892,LA301
892,SP232
892,SP535
893,AC104
893,FI211
893,FI227
893,LA301
893,MG565
893,MK634
894,AC104
894,MG501
894,MK601
894,QA812
895,AC104
895,FI211
895,FI227
895,LA301
895,MK615
895,MK634
896,AC111
896,AC115
896,MG501
896,CO810
897,AC104
897,FI211
897,FI233
897,LA301
898,MG544
898,MK605
899,EC402
900,AC110
900,AC115
900,LA301
900,MK601
901,TX003
902,EC403
903,MB114
904,MK627
904,PO000
905,AC104
905,LA301
905,EC421
905,EC420
906,MK625
906,PO000
906,SP232
906,SP595
907,EC408
907,EC420
908,FI201
908,MG503
908,MK631
908,CO810
909,AC104
909,LA301
909,MK601
910,AC104
910,FI201
910,MK601
910,QA812
910,EC408
911,AC100
912,FI211
912,FI227
912,FI233
912,MG503
912,EC420
913,AC103
913,MK601
913,QA812
913,EC408
914,EC420
914,EC437
914,EC510
915,AC100
916,FI201
916,PO000
917,AC104
917,FI201
917,MG501
917,MK601
917,EC408
918,MB112
918,MB114
919,MB018
919,MB019
919,MB020
919,MB111
919,MB201
920,AC102
920,AC113
920,PO000
921,MB201
922,FI219
922,FI231
922,MB400
923,IT701
924,FI003
924,IT701
925,AC111
925,AC115
925,MG503
925,MK601
926,AC103
927,AC114
927,AC123
927,AC128
928,MB018
928,MB020
928,MB111
929,AC102
929,AC113
929,FI234
929,FI253
929,PO000
930,AC105
930,FI219
930,FI231
931,MB019
931,MB020
931,MB111
932,AC104
932,LA301
932,QA811
932,EC408
933,MG501
933,MK601
934,EC403
935,EC402
936,AC114
936,AC121
936,AC134
937,AC102
937,AC113
937,FI227
938,AC104
938,FI201
938,MK601
938,QA812
939,AC104
939,MG501
939,MK601
939,EC408
940,MB018
940,MB019
940,MB020
940,MB111
940,MB114
941,FI219
941,MB400
942,EC403
943,MB113
943,MB114
943,MB202
944,AC104
944,QA811
944,EC402
945,AC101
945,MB010
946,LA321
947,EC403
948,FI211
948,FI227
948,FI233
948,MG503
948,MG560
949,AC104
949,EC403
950,AC114
950,AC121
950,AC134
951,AC107
951,MG962
952,EC402
953,FI253
953,MG560
953,MG565
953,MG599
953,PO000
954,EC510
954,EC494
955,IT740
955,IT741
955,IT639
955,MG503
955,CO810
956,EC402
957,AC104
957,LA301
958,LA301
959,EC403
960,IT701
960,EC402
961,FI211
961,MG503
961,MK601
961,SP232
962,FI211
962,FI227
962,MG503
962,MK601
963,AC111
963,AC115
963,FI241
963,LA321
963,MG503
964,AC104
964,LA301
964,MG501
964,QA811
964,EC421
965,MB010
965,MB112
965,MB114
966,AC100
967,SP232
967,SP595
968,FI241
968,FI253
969,EC403
970,AC104
970,MG503
970,MK601
970,QA811
970,EC403
971,EC402
972,LA301
973,MB009
973,MB010
973,MB011
973,MB013
973,MB112
973,MB113
974,FI211
974,MK615
974,MK634
974,PO000
975,AC114
975,AC121
975,AC123
975,AC128
976,AC102
976,AC113
977,IT701
977,EC402
978,AC104
978,FI201
978,MG501
978,MK601
978,QA812
978,EC408
979,FI244
979,PO000
980,QA811
980,EC403
981,FI233
981,MG503
981,MK617
982,AC104
982,FI201
982,MK601
982,QA812
983,EC411
984,MG501
984,MK601
984,QA811
984,EC408
985,MB018
985,MB019
985,MB020
985,MB111
985,MB201
986,MG501
986,MK601
986,SP232
986,SP594
987,AC103
988,IT701
988,EC402
989,EC402
990,IT701
991,AC104
991,QA812
991,EC402
991,EC403
992,IT701
992,EC403
993,AC104
993,FI201
993,LA301
993,QA812
993,EC408
994,EC403
995,AC103
995,MG501
996,LA301
996,QA811
997,AC114
997,AC121
998,FI211
998,FI227
998,MG503
998,MK601
998,CO810
999,IT701
1000,EC403
1001,EC402
1002,AC100
1003,MG320
1004,AC111
1004,FI201
1004,MG501
1004,QA812
1004,CO810
1005,MB113
1005,MB114
1005,MB202
1006,EC403
1007,IT701
1008,AC100
1009,FI201
1009,MG501
1009,QA812
1009,EC408
1010,EC408
1011,LA301
1011,EC408
1012,FI211
1012,FI227
1012,LA325
1012,MG503
1012,CO810
1013,EC402
1014,EC402
1015,AC104
1015,FI211
1015,FI233
1015,LA301
1016,AC114
1016,AC123
1016,AC128
1017,AC103
1017,EC403
1018,FI227
1018,LA321
1018,MG503
1018,MK601
1018,CO810
1019,AC104
1019,FI211
1019,LA301
1019,MG565
1020,MG501
1020,MK601
1020,QA812
1020,EC408
1020,EC420
1021,AC102
1021,AC113
1021,IT740
1022,MG962
1023,AC114
1023,AC121
1023,AC134
1024,AC102
1024,AC113
1024,IT727
1024,PO000
1025,EC402
1026,MB112
1026,MB113
1026,SP540
1027,FI244
1027,FI253
1027,FI294
1027,PO000
1028,AC119
1028,AC102
1028,AC113
1028,FI234
1028,FI241
1028,PO000
1029,MG641
1029,MG599
1030,IT701
1030,EC403
1031,EC510
1031,EC498
1032,MG560
1032,MG565
1033,AC104
1033,MG503
1033,MK601
1033,QA811
1034,PO000
1034,SP607
1034,SP608
1034,CO810
1035,MB018
1035,MB019
1035,MB020
1035,MB111
1035,MB201
1036,FI211
1036,FI227
1036,FI241
1036,PO000
1037,MG503
1037,MG535
1037,MK601
1037,QA811
1038,MB009
1038,MB202
1038,MG320
1039,AC128
1040,AC111
1040,AC115
1040,FI211
1040,FI227
1040,MG503
1041,AC111
1041,AC115
1041,MG503
1042,AC111
1042,AC115
1042,EC408
1042,CO810
1043,EC403
1044,MG503
1044,MK611
1044,MK631
1044,MK634
1044,MK639
1045,FI231
1045,MB510
1045,MK605
1046,IT725
1046,MB400
1047,AC104
1047,FI201
1047,MK601
1047,QA812
1047,EC408
1048,EC402
1049,IT701
1050,FI201
1050,MG501
1050,MK601
1050,SP330
1050,EC408
1050,CO810
1051,MB011
1051,MG544
1051,MG320
1052,AC104
1052,EC402
1053,IN914
1053,MB009
1053,MB020
1053,MB111
1053,MB112
1054,MG503
1054,QA812
1054,EC420
1054,CO810
1055,IT701
1056,MG565
1056,MG602
1056,PO000
1057,IT701
1058,LA301
1058,EC402
1059,IT701
1060,FI245
1060,IT725
1060,MB319
1060,MB400
1060,SP550
1061,MK601
1061,EC420
1062,IT743
1062,MG641
1062,MG560
1062,MG602
1063,PO000
1063,SP594
1063,CO810
1064,AC110
1064,AC115
1064,FI201
1064,MG501
1064,QA812
1065,AC104
1065,QA812
1065,EC403
1066,MK615
1066,MK617
1066,MK634
1066,MK695
1066,PO000
1067,AC110
1067,AC115
1067,MG501
1067,MK601
1068,AC104
1068,FI201
1068,FI294
1068,MK601
1068,QA812
1069,EC402
1070,FI211
1070,FI227
1070,FI233
1070,MG501
1071,EC403
1072,AC102
1072,AC113
1072,PO000
1073,EC421
1074,IT701
1075,MG560
1075,EC408
1076,AC104
1076,FI201
1076,MG503
1076,MK617
1076,QA812
1077,EC402
1078,IT701
1078,LA301
1079,EC402
1080,MK625
1080,MK631
1080,MK634
1080,PO000
1081,EC403
1082,AC121
1082,AC123
1083,AC111
1083,AC115
1083,MG503
1083,MK601
1083,QA812
1083,EC408
1084,FI003
1085,EC403
1086,IT701
1086,LA301
1087,MB111
1087,SP550
1088,PO000
1088,EC420
1088,EC437
1088,EC494
1089,MB114
1090,EC403
1091,EC498
1092,AC119
1092,AC102
1092,AC113
1092,PO000
1093,AC104
1093,FI201
1093,MG501
1093,MK601
1093,EC408
1094,MB112
1095,AC103
1095,MK601
1095,QA811
1096,AC104
1096,QA811
1096,EC403
1097,AC106
1097,AC107
1097,MG544
1098,AC114
1099,EC420
1100,AC114
1101,MB202
1102,MK625
1102,MK634
1102,PO000
1102,CO810
1103,AC104
1103,LA301
1103,EC408
1104,FI219
1105,EC402
1106,FI003
1107,EC402
1108,FI211
1108,FI227
1108,MG503
1108,CO810
1109,AC104
1109,LA301
1109,MG501
1109,QA811
1110,FI231
1110,IT726
1110,MB400
1111,AC114
1111,AC123
1111,AC128
1112,FI211
1112,FI227
1112,MG501
1113,EC403
1114,EC420
1115,AC111
1115,FI211
1115,FI227
1115,MG503
1115,EC408
1116,FI201
1116,MG503
1116,QA812
1116,CO810
1117,AC103
1117,LA330
1117,MK601
1118,LA321
1118,LA325
1118,MK615
1118,PO000
1118,CO810
1119,EC411
1120,MG565
1120,MK611
1120,MK615
1120,MK634
1120,MK639
1120,EC403
1121,FI234
1121,FI241
1121,FI244
1121,MG503
1121,EC420
1122,AC114
1122,AC123
1122,AC128
1122,AC105
1123,AC114
1123,AC121
1123,AC134
1124,EC420
1124,EC421
1125,AC104
1125,MK601
1125,QA812
1126,EC421
1126,EC420
1127,EC403
1128,AC102
1128,AC113
1129,MG501
1129,SP232
1130,MG503
1130,MK607
1130,MK631
1131,IN924
1131,MK617
1131,MK607
1131,MK631
1131,PO000
1132,IT701
1132,EC402
1133,AC128
1133,AC135
1134,AC128
1134,AC135
1135,AC100
1136,AC100
1137,AC100
1138,AC114
1138,AC105
1138,LA313
1139,MG503
1139,MK601
1139,EC421
1139,CO810
1140,AC100
1141,EC403
1142,FI234
1142,FI241
1142,IT744
1142,PO000
1143,AC119
1143,AC102
1143,AC113
1143,PO000
1143,CO810
1144,EC411
1145,MG641
1145,PO000
1146,IT725
1146,MB400
1147,EC403
1148,AC104
1149,AC104
1149,FI201
1149,MG503
1149,QA812
1150,EC403
1151,AC104
1151,FI201
1151,MK601
1151,QA812
1151,EC408
1152,EC408
1152,EC421
1153,AC114
1153,AC121
1153,AC123
1154,FI219
1154,FI220
1155,IT701
1156,AC114
1156,AC128
1157,MB018
1157,MB019
1157,MB020
1158,EC402
1159,EC403
1160,MB202
1161,FI201
1161,MG503
1161,MG560
1161,MK615
1161,MK634
1161,MK639
1162,AC104
1162,FI201
1162,MG501
1162,MK601
1162,QA812
1162,EC408
1163,AC104
1163,QA812
1163,EC403
1164,AC110
1164,FI201
1164,QA812
1164,EC408
1165,EC403
1166,MG900
1166,MG342
1167,FI211
1167,FI227
1167,CO810
1168,FI220
1168,MB400
1169,SP232
1169,EC421
1170,MB201
1170,MB202
1170,MG320
1171,AC114
1171,AC121
1171,AC134
1172,EC402
1173,MB113
1174,AC104
1174,FI201
1174,FI294
1174,MG501
1174,MK601
1174,EC408
1175,AC102
1175,AC113
1175,LA321
1175,PO000
1176,AC103
1176,MK601
1176,QA812
1177,AC128
1178,MG535
1178,MG565
1178,MG599
1178,PO000
1179,FI211
1179,FI227
1179,MG503
1179,MG565
1179,CO810
1180,FI244
1180,FI253
1180,MK639
1180,CO810
1181,IT701
1182,EC403
1183,AC104
1183,QA812
1184,AC105
1184,TX001
1184,TX003
1185,IT701
1186,QA811
1186,EC403
1187,AC101
1187,MB010
1188,AC100
1189,MB114
1190,IT701
1191,QA811
1191,EC408
1191,EC420
1192,FI201
1192,IT727
1193,AC110
1193,AC115
1193,MG503
1193,CO810
1194,AC100
1195,AC103
1195,LA325
1195,EC403
1196,AC110
1196,AC115
1196,MG503
1196,MK601
1196,QA812
1196,CO810
1197,AC111
1197,AC115
1197,FI227
1197,MG503
1198,EC403
1199,EC411
1200,AC103
1200,IT701
1200,EC402
1201,FI211
1201,FI234
1201,IT741
1201,IT744
1201,PO000
1202,FI234
1202,FI241
1202,FI253
1202,MK634
1202,CO810
1203,AC104
1203,LA301
1203,QA811
1204,IT701
1204,EC402
1205,AC104
1205,FI227
1205,FI253
1205,MG503
1206,AC114
1206,AC134
1207,MB018
1207,MB019
1207,MB020
1207,MB111
1207,MB114
1208,AC104
1208,FI227
1208,FI253
1208,MG503
1209,IT727
1209,EC402
1210,IT701
1210,EC402
1211,AC103
1211,LA301
1211,QA811
1211,EC403
1212,MB018
1212,MB019
1212,MB020
1212,MB111
1212,MB114
1213,MG503
1213,MK611
1213,MK615
1213,MK631
1213,CO810
1214,AC111
1214,AC115
1214,QA812
1214,CO810
1215,EC421
1216,AC110
1217,AC114
1217,AC123
1218,FI227
1218,IT740
1218,IT744
1218,MG503
1218,SP232
1219,EC411
1220,EC402
1221,AC123
1222,MB400
1222,MK540
1223,MB112
1223,MB201
1224,MK625
1224,MK639
1224,MK695
1224,PO000
1224,SP608
1225,MB400
1225,MG320
1226,EC403
1227,EC402
1228,SP607
1229,AC123
1229,AC105
1230,SP220
1230,SP550
1231,IT701
1232,EC411
1233,EC402
1234,AC111
1234,AC102
1234,IT740
1234,LA321
1235,AC115
1236,AC104
1236,MG501
1236,QA812
1236,EC408
1237,EC403
1238,AC100
1239,FI234
1239,FI244
1239,FI300
1239,PO000
1239,CO810
1240,AC103
1240,IT701
1240,QA811
1241,AC104
1241,MG501
1241,QA812
1241,SP330
1241,EC408
1242,EC411
1243,MG503
1243,EC402
1244,AC104
1244,MG503
1245,AC104
1245,FI201
1245,MG501
1245,MK601
1245,QA812
1245,EC408
1246,QA811
1246,EC403
1247,AC103
1247,MK601
1247,QA811
1248,FI241
1248,FI244
1248,LA321
1248,PO000
1249,AC103
1249,LA301
1249,EC402
1250,LA301
1250,EC403
1251,LA301
1252,IN924
1253,EC408
1254,EC403
1255,IT127
1255,IT726
1255,MB400
1255,QA845
1256,FI201
1256,LA321
1257,EC402
1258,EC403
1259,AC104
1259,MG501
1259,QA812
1260,IT701
1261,FI211
1261,FI227
1261,FI233
1261,MG503
1261,MG565
1261,MG602
1262,MG900
1262,MG342
1263,IT701
1264,MB114
1264,MB340
1265,AC119
1265,AC102
1265,AC113
1265,IT740
1265,IT741
1265,PO000
1266,MG503
1266,MK615
1266,MK631
1266,CO810
1267,EC402
1268,EC403
1269,IT701
1270,AC105
1270,FI219
1270,FI231
1271,EC421
1272,QA811
1272,EC403
1273,IT701
1274,MK625
1274,MK634
1275,EC403
1276,MB009
1276,MB010
1276,MB112
1277,FI234
1277,FI244
1277,FI300
1277,IT741
1277,IT744
1277,PO000
1278,FI253
1278,PO000
1279,EC402
1280,EC402
1281,LA301
1282,AC104
1282,QA812
1282,EC402
1283,IT701
1284,IT701
1284,EC402
1285,MB111
1286,AC113
1287,MB400
1287,MG596
1288,EC402
1289,FI211
1289,LA321
1289,LA325
1289,MG503
1289,CO810
1290,AC104
1290,FI201
1290,MG501
1290,QA812
1291,MB114
1291,QA845
1292,MG503
1292,MK601
1292,QA811
1292,SP330
1293,FI201
1293,MK601
1293,EC408
1294,AC114
1294,AC107
1295,AC114
1296,MK611
1296,MK625
1296,PO000
1296,SP232
1297,LA325
1298,MG501
1298,QA812
1299,LA301
1299,MG503
1300,MB201
1301,MB201
1301,MB202
1301,MB319
1302,AC115
1302,QA811
1303,QA811
1303,EC403
1304,LA301
1305,EC403
1306,AC103
1306,EC408
1307,IT727
1307,MG503
1307,EC408
1307,CO810
1308,AC104
1308,LA301
1308,QA812
1308,SP594
1309,AC111
1309,AC115
1309,MK601
1309,CO810
1310,MB342
1311,AC103
1311,IT701
1311,EC402
1312,IN524
1312,MB400
1312,MG596
1312,MG962
1312,SP540
1313,TX001
1314,EC408
1315,IN524
1315,MB400
1315,QA845
1316,AC103
1316,QA811
1316,EC403
1317,FI211
1317,MG503
1317,SP232
1317,SP594
1317,SP607
1317,CO810
1318,AC103
1318,FI201
1318,MG501
1318,MK601
1318,EC402
1318,EC408
1319,AC103
1319,IT701
1319,LA301
1319,EC403
1320,MB202
1321,LA325
1321,QA812
1321,EC403
1322,FI211
1322,FI227
1322,MG503
1322,MG560
1322,MG565
1323,MB011
1323,MB013
1323,MB113
1323,MB344
1324,AC103
1325,AC103
1325,LA301
1325,EC402
1326,AC111
1326,AC115
1326,FI201
1326,MG501
1326,CO810
1327,EC403
1328,MK625
1328,PO000
1329,MB009
1329,MB010
1329,MB201
1329,MB202
1329,MG320
1330,FI219
1330,FI236
1330,MB400
1330,SP540
1331,FI236
1331,MG544
1331,MG962
1332,PO000
1332,EC421
1332,EC510
1332,EC420
1333,MB009
1333,MB112
1333,MB113
1333,MG544
1334,FI201
1334,MK601
1334,EC408
1335,MK625
1335,MK631
1335,PO000
1335,SP232
1336,FI201
1336,MG501
1336,SP330
1336,SP595
1336,SP607
1337,LA301
1337,QA811
1337,EC403
1338,FI201
1338,QA812
1338,CO810
1339,IT701
1340,EC403
1341,FI201
1341,MG501
1341,MK601
1341,QA812
1341,EC408
1342,EC402
1343,MB011
1343,MB013
1343,MB113
1343,MB114
1344,EC411
1345,AC111
1345,LA301
1345,EC408
1346,AC111
1346,AC115
1346,MG503
1346,EC408
1346,CO810
1347,FI201
1347,MG503
1347,MK615
1347,MK634
1347,QA812
1347,CO810
1348,AC104
1348,MG501
1348,MK601
1348,QA811
1348,EC408
1349,MB201
1350,MK625
1350,MK627
1350,PO000
1351,IT701
1351,LA301
1352,MB010
1352,MB011
1352,MB019
1352,MB111
1352,MB112
1352,MG342
1353,AC100
1354,MB400
1354,SP540
1355,MB400
1356,AC100
1357,FI253
1357,EC420
1358,AC123
1358,AC127
1358,AC128
1358,AC105
1359,EC402
1360,IT725
1360,MB400
1361,FI003
1361,FI244
1361,FI253
1361,MK634
1362,FI227
1362,FI241
1362,MG503
1363,FI245
1364,MG641
1364,MG560
1364,MG602
1364,PO000
1365,AC102
1365,AC113
1366,MG503
1366,EC408
1366,CO810
1367,AC104
1367,QA811
1367,SP330
1367,EC402
1368,MB201
1368,MB400
1369,AC104
1369,LA301
1369,MK601
1369,QA811
1370,EC411
1371,AC119
1371,AC102
1371,AC113
1371,LA321
1372,AC102
1372,AC113
1372,FI253
1372,FI300
1372,PO000
1373,EC402
1374,IT726
1374,MB400
1374,MG900
1374,MK605
1375,EC421
1375,EC510
1375,EC420
1376,EC421
1376,EC510
1376,EC420
1377,MK611
1377,PO000
1378,FI211
1378,SP330
1378,SP607
1378,CO810
1379,AC104
1379,IT701
1379,LA301
1379,EC403
1380,EC411
1381,EC402
1382,MG565
1382,MG602
1382,MK611
1382,MK631
1382,PO000
1383,AC104
1383,FI201
1383,MK601
1384,MG962
1384,MG342
1385,IT701
1386,IT127
1386,MG320
1386,QA845
1387,AC110
1387,AC115
1387,FI201
1387,IT701
1387,MG501
1388,EC402
1389,EC402
1390,MB020
1390,MB111
1390,MB112
1391,FI300
1391,PO000
1392,EC403
1393,MG503
1393,QA811
1393,EC408
1394,AC103
1394,MK601
1394,QA811
1394,SP594
1395,AC102
1395,AC113
1396,FI201
1396,MG503
1396,SP535
1396,SP607
1397,QA811
1397,EC402
1398,LA301
1398,QA811
1399,FI297
1400,IT701
1401,MB018
1401,MB019
1401,MB020
1401,MB111
1402,IT701
1402,EC402
1403,MB010
1403,MB112
1403,MB201
1404,AC102
1404,AC113
1405,IT701
1406,LA301
1406,EC403
1407,IT701
1408,EC403
1409,AC128
1410,AC128
1411,AC121
1411,AC105
1411,MG962
1412,EC402
1413,AC114
1413,MB009
1413,MB112
1413,MB113
1414,FI211
1414,FI227
1414,MG641
1414,MG565
1415,MK625
1415,MK627
1415,PO000
1416,AC111
1416,AC115
1416,FI227
1416,FI241
1416,MK601
1416,CO810
1417,AC103
1417,IT701
1417,EC402
1418,TX001
1419,AC111
1419,AC115
1419,MK617
1419,MK639
1420,EC402
1421,IN914
1421,MG544
1421,MG962
1422,EC421
1423,EC403
1424,MB113
1424,MB114
1424,SP540
1425,MG565
1425,MG602
1425,PO000
1426,EC403
1427,MG544
1427,MG962
1427,MG320
1428,EC403
1429,AC114
1429,AC123
1429,AC128
1429,AC105
1429,TX003
1430,AC102
1430,AC113
1430,LA321
1430,PO000
1431,LA301
1432,MG503
1432,SP232
1432,SP330
1432,SP607
1433,IT725
1433,MB112
1434,FI227
1434,MG503
1434,MK625
1434,MK631
1434,EC408
1434,CO810
1435,LA301
1436,AC103
1436,LA301
1437,EC403
1438,AC104
1438,MG503
1438,MK601
1439,FI201
1439,MG503
1439,MK631
1439,QA812
1439,CO810
1440,AC123
1440,AC127
1440,AC128
1440,AC105
1441,IT701
1442,MK631
1442,SP232
1442,SP330
1442,SP607
1442,CO810
1443,AC103
1443,QA811
1443,EC402
1444,AC110
1444,AC115
1444,FI201
1444,MG503
1444,QA812
1445,FI201
1445,MK601
1446,AC104
1446,FI201
1446,LA301
1446,QA812
1447,AC103
1447,MG501
1448,EC402
1449,MB114
1449,MB344
1450,MB400
1451,FI232
1451,PO000
1451,QA812
1451,EC421
1451,EC420
1452,MG503
1452,MG641
1452,MG560
1452,MG565
1452,CO810
1453,AC111
1453,AC115
1453,MK601
1453,QA812
1454,EC402
1455,QA811
1455,EC408
1456,MG544
1457,IT701
1457,LA301
1458,FI201
1458,MG503
1458,SP330
1459,MG544
1459,MK605
1460,MB114
1460,MB340
1461,EC411
1462,EC403
1463,AC123
1463,AC127
1463,AC128
1463,AC106
1463,IT725
1464,AC114
1464,AC123
1465,EC402
1466,AC103
1466,QA811
1466,EC403
1467,EC403
1468,EC402
1469,IT726
1469,MB011
1469,MB013
1469,MB113
1470,MK634
1470,MK639
1471,FI003
1472,EC402
1473,IT701
1474,AC123
1474,AC127
1474,AC105
1475,FI201
1475,MG501
1475,EC408
1476,AC104
1476,MK601
1476,QA812
1476,EC408
1477,IT701
1477,EC402
1478,IT727
1478,EC402
1479,AC123
1479,AC127
1479,AC128
1479,IT725
1479,LA313
1480,FI234
1480,PO000
1481,EC403
1481,EC420
1482,MK611
1482,MK631
1482,MK634
1482,SP608
1482,CO810
1483,EC403
1484,LA301
1484,EC402
1485,MB111
1486,MB020
1486,MB201
1486,MG320
1487,MB114
1487,MB344
1488,AC111
1488,IT740
1488,EC421
1488,EC510
1488,EC420
1489,AC103
1489,MK601
1489,QA811
1489,EC408
1490,EC402
1491,AC133
1491,AC123
1491,AC127
1491,AC128
1491,IT726
1492,MK627
1492,PO000
1493,EC402
1494,EC402
1495,MB342
1495,MG900
1496,MB011
1496,MB013
1496,MB113
1496,MB114
1497,IT701
1498,MB009
1498,MB114
1498,MG544
1499,MB111
1499,MB202
1500,FI003
1501,AC102
1501,AC113
1501,FI227
1501,LA321
1501,MG565
1502,FI211
1502,FI227
1502,IT743
1502,MG503
1503,MB202
1503,MB340
1504,AC110
1504,AC115
1504,LA325
1505,CO810
1506,LA330
1507,EC402
1508,EC420
1508,EC437
1508,EC498
1509,FI219
1509,FI231
1510,AC102
1510,AC113
1511,LA301
1511,EC403
1512,FI241
1512,FI244
1512,LA321
1512,PO000
1512,SP232
1513,MB400
1513,MK605
1514,FI236
1514,MB400
1514,MG544
1514,MK605
1515,EC402
1516,IT701
1516,EC402
1517,MB009
1517,MB010
1517,MB112
1518,AC104
1518,MK601
1518,QA811
1519,AC104
1519,FI201
1519,MG501
1519,MK601
1519,QA812
1520,EC408
1520,EC420
1521,MB400
1521,MK540
1521,MK605
1522,IT701
1522,LA301
1523,EC402
1524,QA811
1525,AC123
1525,AC127
1525,AC128
1525,PO000
1526,AC103
1526,EC403
1527,FI201
1527,MG501
1527,QA811
1527,EC408
1528,AC104
1528,FI300
1528,IT727
1528,QA811
1529,EC402
1530,LA301
1531,MB114
1531,MG342
1532,IT701
1532,LA301
1532,EC403
1533,MB011
1533,MB013
1533,MB112
1533,QA845
1534,EC408
1535,MB009
1535,MB010
1535,MB112
1535,MB201
1535,MB202
1536,MB113
1536,MB114
1536,MG342
1537,IT701
1537,LA301
1538,FI219
1538,FI236
1539,AC107
1539,IT726
1540,AC103
1540,IT701
1541,LA301
1541,EC402
1542,MB114
1543,IT701
1544,AC111
1544,AC115
1544,MG503
1544,MK601
1544,EC408
1545,AC104
1545,MG501
1545,QA811
1546,FI211
1546,FI227
1546,IT743
1546,MG503
1546,CO810
1547,EC402
1548,LA301
1549,AC114
1549,MB113
1549,MB201
1549,MG544
1550,MB113
1550,MB201
1550,MG544
1551,AC121
1551,MB114
1552,IT701
1552,EC403
1553,AC128
1554,EC411
1555,MG641
1555,MG560
1555,MG565
1555,CO810
1556,IT701
1556,EC403
1557,MB112
1557,MB113
1557,MG544
1558,AC104
1558,MK601
1558,EC408
1559,EC402
1560,AC104
1560,MG503
1560,MK601
1560,QA811
1561,AC121
1562,MB201
1562,MG544
1563,IT726
1563,MK540
1564,MK617
1565,AC114
1565,AC105
1566,MB020
1566,MB111
1567,AC111
1567,AC115
1567,MG501
1567,MK601
1567,CO810
1568,LA301
1569,EC402
1570,SO500
1571,AC104
1571,FI201
1571,MG503
1571,MK601
1571,QA812
1572,EC403
1573,FI211
1573,FI233
1573,MG503
1573,SP607
1574,IT701
1575,PO000
1575,CO810
1576,EC403
1577,MK631
1577,MK639
1577,PO000
1577,SP232
1577,SP535
1577,SP594
1578,EC408
1579,EC403
1580,EC403
1581,FI219
1581,FI245
1582,MB400
1582,MG962
1582,MG320
1582,MG342
1583,FI253
1583,PO000
1583,SP232
1583,EC420
1583,EC510
1584,AC121
1584,QA845
1585,MB201
1586,FI231
1586,FI297
1586,MB400
1587,FI241
1587,MG503
1587,EC402
1588,IT701
1589,EC408
1590,FI219
1590,FI236
1590,IT726
1591,EC403
1592,MB009
1592,MB112
1592,MB113
1592,MB319
1593,FI227
1593,FI253
1593,PO000
1594,MB009
1594,MB112
1594,MB113
1595,FI201
1595,MG501
1595,MK601
1595,EC408
1595,CO810
1596,EC402
1597,LA325
1598,FI211
1598,FI234
1598,IT741
1598,IT744
1598,PO000
1599,QA811
1599,EC403
1600,EC420
1600,EC437
1601,EC402
1602,AC105
1602,AC106
1602,IT725
1602,TX003
1603,MK617
1603,PO000
1603,EC510
1603,EC420
1604,AC119
1604,AC102
1604,AC113
1605,FI201
1605,MG503
1605,MG565
1605,MK625
1605,QA812
1606,MK611
1606,MK625
1606,MK627
1606,MK695
1606,PO000
1607,AC103
1607,IT701
1607,LA301
1607,EC402
1608,AC100
1609,MG320
1610,IT701
1611,EC402
1612,MB340
1612,MB400
1613,EC403
1614,EC411
1615,MB114
1615,MB201
1615,MG342
1616,AC104
1616,FI201
1616,MK631
1616,SP535
1616,SP607
1617,EC408
1617,EC421
1618,MG320
1618,MG342
1619,AC104
1619,FI201
1619,IT740
1619,MK601
1620,AC104
1620,FI201
1620,MG501
1620,MK601
1620,QA812
1621,AC104
1621,LA301
1621,MG501
1621,MK601
1622,MB009
1622,MB112
1622,MB113
1622,MB342
1623,MG560
1623,PO000
1624,AC103
1624,IT727
1624,EC403
1625,MB400
1625,SP540
1626,AC104
1626,MK601
1626,QA812
1626,EC408
1627,AC104
1627,MG503
1627,MK601
1627,EC421
1628,AC104
1628,FI201
1628,LA301
1628,MK601
1629,AC111
1629,AC115
1629,FI201
1629,MG503
1629,MK601
1629,CO810
1630,PO000
1630,SP232
1630,SP608
1631,EC408
1631,EC420
1631,EC437
1632,FI201
1632,MG501
1632,SP607
1633,FI231
1633,FI245
1633,EC220
1634,QA811
1634,EC402
1635,AC128
1635,AC105
1636,MB019
1636,MB020
1636,MB111
1636,MB202
1637,AC104
1637,FI201
1637,MG503
1637,QA812
1637,EC408
1638,FI234
1638,FI241
1638,EC420
1638,EC510
1638,CO810
1639,EC402
1640,AC103
1640,LA330
1640,QA812
1641,AC114
1641,AC123
1641,LA313
1641,MB400
1642,IT727
1642,QA811
1642,EC403
1643,AC104
1643,FI201
1643,MG501
1643,MK601
1643,EC408
1644,QA811
1645,LA301
1645,EC403
